<wpml-config>
  <custom-types>
    <custom-type translate="1" display-as-translated="1">portfolio</custom-type>
  </custom-types>
  <taxonomies>
    <taxonomy translate="1" display-as-translated="1">portfolio_category</taxonomy>
    <taxonomy translate="1" display-as-translated="1">portfolio_tags</taxonomy>
  </taxonomies>
  <custom-fields>
    <custom-field action="translate">_utech_page_metabox</custom-field>
    <custom-field action="translate">_utech_audio_url</custom-field>
    <custom-field action="translate">_utech_video_url</custom-field>
    <custom-field action="translate">_utech_gallery_images</custom-field>
  </custom-fields>
  <admin-texts>
    <key name="utech_options">
      <key name="banner_overlay_background">
        <key name="background-image">
          <key name="alt"/>
          <key name="title"/>
          <key name="description"/>
        </key>
      </key>
      <key name="body_background">
        <key name="background-image">
          <key name="alt"/>
          <key name="title"/>
          <key name="description"/>
        </key>
      </key>
      <key name="post_item_background">
        <key name="background-image">
          <key name="alt"/>
          <key name="title"/>
          <key name="description"/>
        </key>
      </key>
      <key name="post_item_meta_background">
        <key name="background-image">
          <key name="alt"/>
          <key name="title"/>
          <key name="description"/>
        </key>
      </key>
      <key name="post_item_meta_hover_background">
        <key name="background-image">
          <key name="alt"/>
          <key name="title"/>
          <key name="description"/>
        </key>
      </key>
      <key name="sidebar_widget_background">
        <key name="background-image">
          <key name="alt"/>
          <key name="title"/>
          <key name="description"/>
        </key>
      </key>
      <key name="menu_bg">
        <key name="background-image">
          <key name="alt"/>
          <key name="title"/>
          <key name="description"/>
        </key>
      </key>
      <key name="sticky_menu_bg">
        <key name="background-image">
          <key name="alt"/>
          <key name="title"/>
          <key name="description"/>
        </key>
      </key>
      <key name="mobile_menu_bg">
        <key name="background-image">
          <key name="alt"/>
          <key name="title"/>
          <key name="description"/>
        </key>
      </key>
      <key name="mobile_menu_sticky_bg">
        <key name="background-image">
          <key name="alt"/>
          <key name="title"/>
          <key name="description"/>
        </key>
      </key>
      <key name="logo">
        <key name="alt"/>
        <key name="title"/>
        <key name="description"/>
      </key>
      <key name="sticky_logo">
        <key name="alt"/>
        <key name="title"/>
        <key name="description"/>
      </key>
      <key name="favicon_icon">
        <key name="alt"/>
        <key name="title"/>
        <key name="description"/>
      </key>
      <key name="favicon_iphone">
        <key name="alt"/>
        <key name="title"/>
        <key name="description"/>
      </key>
      <key name="favicon_iphone_retina">
        <key name="alt"/>
        <key name="title"/>
        <key name="description"/>
      </key>
      <key name="favicon_ipad_retina">
        <key name="alt"/>
        <key name="title"/>
        <key name="description"/>
      </key>
      <key name="add_preloader_image">
        <key name="alt"/>
        <key name="title"/>
        <key name="description"/>
      </key>
      <key name="preloader_bg">
        <key name="background-image">
          <key name="alt"/>
          <key name="title"/>
          <key name="description"/>
        </key>
      </key>
      <key name="blog_page_title"/>
      <key name="footer_background">
        <key name="background-image">
          <key name="alt"/>
          <key name="title"/>
          <key name="description"/>
        </key>
      </key>
      <key name="footer_overlay">
        <key name="background-image">
          <key name="alt"/>
          <key name="title"/>
          <key name="description"/>
        </key>
      </key>
      <key name="footer_bottom_bg">
        <key name="background-image">
          <key name="alt"/>
          <key name="title"/>
          <key name="description"/>
        </key>
      </key>
    </key>
  </admin-texts>
</wpml-config>