{"body_font":{"font-family":"","backup-font-family":"","font-weight":"","font-style":"","subset":"","text-transform":"","font-size":"","line-height":"","letter-spacing":"","word-spacing":"","color":"","custom-style":"","type":"","unit":"px"},"heading_1_font":{"font-family":"Barlow Condensed","backup-font-family":"","font-weight":"600","font-style":"","subset":"","text-transform":"","font-size":"","line-height":"","letter-spacing":"","word-spacing":"","color":"","custom-style":"","type":"google","unit":"px"},"heading_2_font":{"font-family":"Barlow Condensed","backup-font-family":"","font-weight":"600","font-style":"","subset":"","text-transform":"","font-size":"","line-height":"","letter-spacing":"","word-spacing":"","color":"","custom-style":"","type":"google","unit":"px"},"heading_3_font":{"font-family":"Barlow Condensed","backup-font-family":"","font-weight":"600","font-style":"","subset":"","text-transform":"","font-size":"","line-height":"","letter-spacing":"","word-spacing":"","color":"","custom-style":"","type":"google","unit":"px"},"heading_4_font":{"font-family":"","backup-font-family":"","font-weight":"","font-style":"","subset":"","text-transform":"","font-size":"","line-height":"","letter-spacing":"","word-spacing":"","color":"","custom-style":"","type":"","unit":"px"},"heading_5_font":{"font-family":"","backup-font-family":"","font-weight":"","font-style":"","subset":"","text-transform":"","font-size":"","line-height":"","letter-spacing":"","word-spacing":"","color":"","custom-style":"","type":"","unit":"px"},"heading_6_font":{"font-family":"","backup-font-family":"","font-weight":"","font-style":"","subset":"","text-transform":"","font-size":"","line-height":"","letter-spacing":"","word-spacing":"","color":"","custom-style":"","type":"","unit":"px"},"banner_background":{"background-color":"","background-gradient-color":"","background-gradient-direction":"","background-image":{"url":"https:\/\/wp.mehedidb.com\/utech\/wp-content\/uploads\/2021\/06\/abs_bg_3.jpg","id":"891","width":"1920","height":"1280","thumbnail":"https:\/\/wp.mehedidb.com\/utech\/wp-content\/uploads\/2021\/06\/abs_bg_3-150x150.jpg","alt":"","title":"abs_bg_(3)","description":""},"background-position":"center center","background-repeat":"no-repeat","background-attachment":"scroll","background-size":"cover","background-origin":"","background-clip":"","background-blend-mode":""},"banner_overlay_background":{"background-color":"#0045ff","background-gradient-color":"#bd29f2","background-gradient-direction":"","background-image":{"url":"","id":"","width":"","height":"","thumbnail":"","alt":"","title":"","description":""},"background-position":"","background-repeat":"","background-attachment":"","background-size":"","background-origin":"","background-clip":"","background-blend-mode":""},"banner_overlay_opacity":"0.4","header_textcolor":"#ffffff","header_link_color":{"color":"#ffffff","hover":"#ffffff"},"header_link_active_color":"#ffffff","header_text_align":"center","body_background":{"background-color":"","background-gradient-color":"","background-gradient-direction":"","background-image":{"url":"","id":"","width":"","height":"","thumbnail":"","alt":"","title":"","description":""},"background-position":"","background-repeat":"","background-attachment":"","background-size":"","background-origin":"","background-clip":"","background-blend-mode":""},"body_link_color":{"color":"","hover":""},"post_item_background":{"background-color":"","background-gradient-color":"","background-gradient-direction":"","background-image":{"url":"","id":"","width":"","height":"","thumbnail":"","alt":"","title":"","description":""},"background-position":"","background-repeat":"","background-attachment":"","background-size":"","background-origin":"","background-clip":"","background-blend-mode":""},"post_item_border":{"top":"","right":"","bottom":"","left":"","style":"solid","color":""},"post_item_readmore_color":{"color":"","hover":""},"post_author_color":{"color":"","hover":""},"post_meta":{"color":"","hover":""},"post_item_meta_background":{"background-color":"","background-gradient-color":"","background-gradient-direction":"","background-image":{"url":"","id":"","width":"","height":"","thumbnail":"","alt":"","title":"","description":""},"background-position":"","background-repeat":"","background-attachment":"","background-size":"","background-origin":"","background-clip":"","background-blend-mode":""},"post_item_meta_hover_background":{"background-color":"","background-gradient-color":"","background-gradient-direction":"","background-image":{"url":"","id":"","width":"","height":"","thumbnail":"","alt":"","title":"","description":""},"background-position":"","background-repeat":"","background-attachment":"","background-size":"","background-origin":"","background-clip":"","background-blend-mode":""},"sidebar_widget_background":{"background-color":"","background-gradient-color":"","background-gradient-direction":"","background-image":{"url":"","id":"","width":"","height":"","thumbnail":"","alt":"","title":"","description":""},"background-position":"","background-repeat":"","background-attachment":"","background-size":"","background-origin":"","background-clip":"","background-blend-mode":""},"sidebar_widget_border":{"top":"","right":"","bottom":"","left":"","style":"solid","color":""},"sidebar_widget_heading":"","sidebar_widget_heading_before":"","sidebar_widget_heading_border":{"top":"","right":"","bottom":"","left":"","style":"solid","color":""},"sidebar_widget_link_color":{"color":"","hover":""},"enable_topbar":"","add_topbar_template":"","elementor_topbar":"1517","phone_number":"+8801234567890","email_address":"admin@example.com","enable_header_style":"","header_style":"header-1","one_page_navigation":"0","sticky_menu":"1","enable_header_actions":"1","enable_search":"","enable_offcanvas":"","enable_offcanvas_content":"","elementor_offcanvas_content":"3049","enable_cart_button":"","enable_mini_cart":"","enable_promo_menu":"","enable_user_menu":"","enable_language_button":"","enable_action":"1","button_text":"","button_url":"","button_text_2":"Get A Quote","button_url_2":"https:\/\/wp.mehedidb.com\/utech\/contact-us\/","menu_width":"container container__full","menu_align":"right","menu_bg":{"background-color":"","background-gradient-color":"","background-gradient-direction":"","background-image":{"url":"","id":"","width":"","height":"","thumbnail":"","alt":"","title":"","description":""},"background-position":"","background-repeat":"","background-attachment":"","background-size":"","background-origin":"","background-clip":"","background-blend-mode":""},"menu_bg_opacity":"0","sticky_menu_bg":{"background-color":"","background-gradient-color":"","background-gradient-direction":"","background-image":{"url":"","id":"","width":"","height":"","thumbnail":"","alt":"","title":"","description":""},"background-position":"","background-repeat":"","background-attachment":"","background-size":"","background-origin":"","background-clip":"","background-blend-mode":""},"sticky_menu_bg_opacity":"1","menu_font":{"font-family":"","backup-font-family":"","font-weight":"","font-style":"","subset":"","text-transform":"","font-size":"","line-height":"","letter-spacing":"","word-spacing":"","custom-style":"","type":"","unit":"px"},"menu_color":"#ffffff","menu_hover":"#ffffff","menu_sticky_color":"#00274e","menu_sticky_hover_color":"#0045ff","menu_dropdown_color":"#ffffff","menu_dropdown_hover_color":"#ffffff","menu_dropdown_hover_background":"transparent","menu_dropdown_list_background":"#202030","menu_dropdown_list_border":{"top":"0","right":"0","bottom":"3","left":"0","style":"solid","color":"#0045ff"},"menu_dropdown_list_border_radius":"10","enable_menu_item_animated_border":"0","menu_item_animated_border_color":"#f8f8f8","enable_dropdown_menu_item_animated_border":"1","menu_dropdown_item_animated_border_color":"#ffffff","menu_border_color":"rgba(255,255,255,.15)","mobile_menu_style":"offcanvas","contact_number":"+0001234567890","contact_location":"https:\/\/www.templatemonster.com\/authors\/bdexpert","mobile_menu_bg":{"background-color":"","background-gradient-color":"","background-gradient-direction":"","background-image":{"url":"","id":"","width":"","height":"","thumbnail":"","alt":"","title":"","description":""},"background-position":"","background-repeat":"","background-attachment":"","background-size":"","background-origin":"","background-clip":"","background-blend-mode":""},"mobile_menu_bg_opacity":"0","mobile_menu_sticky_bg":{"background-color":"","background-gradient-color":"","background-gradient-direction":"","background-image":{"url":"","id":"","width":"","height":"","thumbnail":"","alt":"","title":"","description":""},"background-position":"","background-repeat":"","background-attachment":"","background-size":"","background-origin":"","background-clip":"","background-blend-mode":""},"mobile_menu_sticky_bg_opacity":"1","mobile_menu_color":"#00274e","mobile_menu_hover":"#0045ff","mobile_menu_hover_background":"#ffffff","mobile_menu_hamburger_color":"#ffffff","mobile_sticky_menu_hamburger_color":"#202030","mobile_menu_border_color":"rgba(255,255,255,.15)","logo":{"url":"https:\/\/wp.mehedidb.com\/utech\/wp-content\/uploads\/2021\/07\/logo_white.svg","id":"2470","width":"","height":"","thumbnail":"https:\/\/wp.mehedidb.com\/utech\/wp-content\/uploads\/2021\/07\/logo_white.svg","alt":"","title":"logo_white","description":""},"sticky_logo":{"url":"https:\/\/wp.mehedidb.com\/utech\/wp-content\/uploads\/2021\/07\/logo_gradient.svg","id":"2469","width":"","height":"","thumbnail":"https:\/\/wp.mehedidb.com\/utech\/wp-content\/uploads\/2021\/07\/logo_gradient.svg","alt":"","title":"logo_gradient","description":""},"logo_color":"#ffffff","sticky_logo_color":"#00152e","mobile_logo_color":"#00152e","mobile_sticky_logo_color":"#0045ff","enable_offcanvas_logo":"1","offcanvas_logo":{"url":"https:\/\/wp.mehedidb.com\/utech\/wp-content\/uploads\/2021\/07\/logo_gradient_2.svg","id":"2481","width":"","height":"","thumbnail":"https:\/\/wp.mehedidb.com\/utech\/wp-content\/uploads\/2021\/07\/logo_gradient_2.svg","alt":"","title":"logo_gradient_2","description":""},"enable_offcanvas_search":"1","enable_offcanvas_description":"1","offcanvas_description":"","offcanvas_mobile_menu_color":"#ffffff","offcanvas_mobile_menu_hover":"#ffffff","favicon_icon":{"url":"","id":"","width":"","height":"","thumbnail":"","alt":"","title":"","description":""},"favicon_iphone":{"url":"","id":"","width":"","height":"","thumbnail":"","alt":"","title":"","description":""},"favicon_iphone_retina":{"url":"","id":"","width":"","height":"","thumbnail":"","alt":"","title":"","description":""},"favicon_ipad":{"url":"","id":"","width":"","height":"","thumbnail":"","alt":"","title":"","description":""},"favicon_ipad_retina":{"url":"","id":"","width":"","height":"","thumbnail":"","alt":"","title":"","description":""},"enable_scroll_top":"1","scroll_top_easing":"easeOutExpo","scroll_top_animation_time":"1500","enable_preloader":"1","enable_custom_preloader":"","add_preloader_image":{"url":"","id":"","width":"","height":"","thumbnail":"","alt":"","title":"","description":""},"preloader_style":"style_22","preloader_bg":{"background-color":"#ffffff","background-gradient-color":"","background-gradient-direction":"","background-image":{"url":"","id":"","width":"","height":"","thumbnail":"","alt":"","title":"","description":""},"background-position":"center center","background-repeat":"repeat","background-attachment":"","background-size":"cover","background-origin":"","background-clip":"","background-blend-mode":""},"preloader_text_color":"#0045ff","social_bookmark":"","enable_social":"","social_color":"#6c90b9","social_bg_color":"#ffffff","social_border":{"top":"0","right":"0","bottom":"0","left":"0","style":"solid","color":""},"social_border_radius":"","social_hover_color":"#6c90b9","social_hover_bg_color":"#ffffff","social_hover_border":{"top":"0","right":"0","bottom":"0","left":"0","style":"solid","color":""},"social_hover_border_radius":"","enable_offcanvas_social":"","offcanvas_social_color":"#6c90b9","offcanvas_social_bg_color":"#ffffff","offcanvas_social_border":{"top":"0","right":"0","bottom":"0","left":"0","style":"solid","color":""},"offcanvas_social_border_radius":"","offcanvas_social_hover_color":"#6c90b9","offcanvas_social_hover_bg_color":"#ffffff","offcanvas_social_hover_border":{"top":"0","right":"0","bottom":"0","left":"0","style":"solid","color":""},"offcanvas_social_hover_border_radius":"","enable_footer_social":"","footer_social_color":"#6c90b9","footer_social_bg_color":"","footer_social_border":{"top":"0","right":"0","bottom":"0","left":"0","style":"solid","color":""},"footer_social_border_radius":"","footer_social_hover_color":"#0045ff","footer_social_hover_bg_color":"#ffffff","footer_social_hover_border":{"top":"0","right":"0","bottom":"0","left":"0","style":"solid","color":""},"footer_social_hover_border_radius":"","blog_pages_layout":"right_sidebar","blog_post_grid_layout":"one_column","blog_page_title":"Blog Page","blog_excerpt_word":"20","sticky_sidebar":"1","show_posts_pagination":"1","post_details_layout":"right_sidebar","show_dropcaps":"","show_post_breadcrumb":"1","enable_post_custom_title":"","post_custom_title":"News Details","enable_post_banner_top_meta":"","enable_post_banner_bottom_meta":"","enable_post_banner_author_thumb":"","enable_portfolio_custom_title":"","portfolio_custom_title":"Work Details","content_spacing":{"top":"100","bottom":"100","unit":"px"},"show_page_breadcrumb":"1","disable_page_navigation":"","error_page_img":{"url":"","id":"","width":"","height":"","thumbnail":"","alt":"","title":"","description":""},"error_page_bg":{"background-color":"","background-gradient-color":"","background-gradient-direction":"","background-image":{"url":"","id":"","width":"","height":"","thumbnail":"","alt":"","title":"","description":""},"background-position":"","background-repeat":"","background-attachment":"","background-size":"","background-origin":"","background-clip":"","background-blend-mode":""},"error_text":"Oops! That page can\u2019t be found.","enable_404_search_button":"1","enable_404_blank_header":"","enable_404_blank_footer":"","shop_container_width":"container","shop_pages_layout":"right_sidebar","shop_page_title":"Shop Page","enable_shop_description":"1","custom_shop_description":"","shop_page_description":"Your Description Text Here","product_per_page":"12","product_per_row":"3","sticky_shop_sidebar":"0","show_shop_pagination":"1","redirect_one_page_checkout":"","remove_add_to_cart_success_message":"","disable_shipping_calc_on_cart":"","remove_product_from_checkout":"","remove_checkout_fields":["company"],"remove_checkout_shipping_address":"","remove_checkout_order_notes_fields":"","change_checkout_form_first_name_label":"","checkout_form_first_name_label":"Your Full Name","change_checkout_form_address_1_label":"","checkout_form_address_1_label":"Delivary Address","change_checkout_form_phone_label":"","checkout_form_phone_label":"Your Phone Number","change_checkout_shipping_method_heading":"","checkout_shipping_heading":"Shipping","change_place_order_button_text":"","place_order_button_text":"Place Order","remove_checkout_privacy_policy_text":"","remove_checkout_terms_and_conditions":"","enable_percentage_bedge":"1","enable_product_group_buttons":"1","enable_add_to_cart_default_button":"","change_add_to_cart_button_text":"","custom_add_to_cart_button_text":"Buy now","change_variable_product_custom_cart_button_text":"","variable_product_custom_cart_button_text":"Buy now","enable_product_custom_title":"","product_custom_title":"Product Details","desable_product_title_from_summary":"","change_cart_button_text_single_product":"","cart_button_text_single_product":"Buy now","change_variable_single_product_custom_cart_button_text":"","variable_single_product_custom_cart_button_text":"Buy now","add_buy_now_in_single_product":"","buy_now_in_single_product_text":"Buy Now","disable_buy_now_button_in_varable_product":"1","enable_related_product":"0","enable_related_product_custom_heading":"","related_product_custom_title":"You may like also","enable_related_product_slider":"1","related_product_per_page":"6","related_product_per_row":"3","enable_upsells_product":"1","enable_upsells_product_custom_heading":"","upsells_product_custom_title":"You may like also","enable_upsells_product_slider":"1","upsells_product_per_page":"6","upsells_product_per_row":"3","logn_with_phone_number":"","product_custom_currency_text_or_sign":"","product_custom_currency_text":"BDT","enable_mobile_quick_actions_links":"","mobile_quick_actions_links":["home_link","cart_link","checkout_link","account_link"],"quick_actions_home_link_text":"Home","quick_actions_cart_link_text":"Cart","quick_actions_checkout_link_text":"Checkout","quick_actions_compare_link_text":"Compare","quick_actions_recent_view_link_text":"Recent View","quick_actions_wishlist_link_text":"Wishlist","quick_actions_account_link_text":"Account","add_footer_template":"1","elementor_footer_style":"1094","add_global_footer_template":"","elementor_footer_style_global":"3049","hide_footer":"","sticky_footer":"","footer_background":{"background-color":"","background-gradient-color":"","background-gradient-direction":"","background-image":{"url":"","id":"","width":"","height":"","thumbnail":"","alt":"","title":"","description":""},"background-position":"","background-repeat":"","background-attachment":"","background-size":"","background-origin":"","background-clip":"","background-blend-mode":""},"footer_overlay":{"background-color":"","background-gradient-color":"","background-gradient-direction":"","background-image":{"url":"","id":"","width":"","height":"","thumbnail":"","alt":"","title":"","description":""},"background-position":"","background-repeat":"","background-attachment":"","background-size":"","background-origin":"","background-clip":"","background-blend-mode":""},"footer_overlay_opacity":"0.5","footer_top_columns":"four","footer_text_color":"#c2d1e2","footer_link_color":{"color":"#ffffff","hover":"#0045ff"},"heading_color":"#ffffff","heading_border_color":"#ffffff","heading_before_after_color":"#ffffff","footer_bottom_style":"one","footer_bottom_bg":{"background-color":"","background-gradient-color":"","background-gradient-direction":"","background-image":{"url":"","id":"","width":"","height":"","thumbnail":"","alt":"","title":"","description":""},"background-position":"","background-repeat":"","background-attachment":"","background-size":"","background-origin":"","background-clip":"","background-blend-mode":""},"footer_bottom_border":{"top":"0","right":"0","bottom":"0","left":"0","style":"solid","color":"#182044"},"footer_bottom_link_color":{"color":"","hover":""},"footer_bottom_padding":{"top":"30","bottom":"30","unit":"px"},"copyright_text":"Copyright {COPYRIGHT} <a target=\"_blank\" href=\"https:\/\/www.templatemonster.com\/authors\/bdexpert\">BDEXPERT<\/a> {YEAR} All Right Reserved.","header_meta_tags":"","custom_css":"@media (min-width: 993px) and (max-width: 1024px) {\r\n    .elementor-section.elementor-top-section.elementor-element.elementor-element-0b30be1 .area__title {\r\n        font-size: 45px;\r\n    }\r\n  .elementor-1307 .elementor-element.elementor-element-7f56616 .elementor-widget-container{\r\n  \tmargin:0 !important;\r\n  }\r\n  .elementor-1307 .elementor-element.elementor-element-c9c3640 .single__counter{\r\n      transform: translateX(130px);\r\n  }\r\n}\r\n\r\n.product__widgets__wrap .single-widgets {\r\n    margin-bottom: 35px;\r\n}\r\n.product__widgets__wrap .single-widgets:last-child {\r\n    margin-bottom: 0;\r\n}\r\n.products.woocommerce__products__list__grid.columns-2.grid .product img {\r\n    width: 100%;\r\n}\r\nul#nav li .elementor_megamenu_content a {\r\n    padding: inherit;\r\n    color: inherit;\r\n}","custom_css_ipad":"","custom_css_tablet":"","custom_css_mobile":"","custom_script":"","custom_script_analytics":"","get_customize_option":"","enable_svg_upload":"","custom_file_upload_size":"","file_upload_size":"30","custom_memory_limit_size":"","memory_limit":"256","exclude_post_type":"0","exclude_portfolio":"1","backup_options":""}